"mtry","f1_mean","f1_sd","se"
1,0.222052672059632,0.0350369046161615,0.00495496656917482
2,0.26555874014734,0.0370721263089025,0.00524279038120583
3,0.275694061370057,0.0409965537803413,0.00579778823667166
4,0.28328050826512,0.0405535050381417,0.00573513168267057
5,0.28342657266495,0.0400389049504528,0.00566235624034976
6,0.280515869330335,0.0431423249055148,0.00610124609936855
