"mincriterion","mean_f1","sd_f1"
0,0.264273766837639,0.0304766980218294
0.9,0.250105390456766,0.03663165273727
0.95,0.246477814475903,0.0369726641857647
