"ntree","mean_f1","sd_f1"
250,0.279117761481809,0.0396998724274896
500,0.275694061370057,0.0409965537803413
1000,0.278421566294043,0.0430602437655275
1500,0.273877729013136,0.0419155619808482
2000,0.27531567408018,0.0422487183614585
2500,0.276065929270571,0.040828805629204
3000,0.275764752533056,0.0405399315556444
3500,0.276432162005205,0.0426491602122434
4000,0.277768018718286,0.0397242791575569
