"predictor","median_drop","mean_drop","p05","p95","pos_frac","top3_freq"
"target_variable_group",0.0596121930877418,0.0575633559276388,0.00856397680611791,0.103480714612096,0.973333333333333,0.886666666666667
"approach",0.0379435060487695,0.0394243782371085,0.00486567021005267,0.0796603979827049,0.973333333333333,0.766666666666667
"disturbance_pattern",0.0344877135334615,0.0347996771980735,-0.000954306994547063,0.0694363587248374,0.94,0.606666666666667
"level",0.020054138394262,0.0207605881357756,-0.0174531158977072,0.0594334042561669,0.8,0.246666666666667
"disturbance_type",0.0141952347267625,0.0176675733677969,-0.0233596295723854,0.0629107735296671,0.74,0.246666666666667
"observation_duration",0.0115371351090221,0.0134281693127839,-0.0111030492881461,0.0439415087773293,0.7,0.126666666666667
"taxon",0.00511460689687245,0.00437633726248348,-0.0371418298859978,0.0332330274516002,0.613333333333333,0.0466666666666667
"habitat_type",0.00268296908125636,0.00645328416908687,-0.0291234802248724,0.051232521092059,0.56,0.0733333333333333
