"run","mean_macroF1","sd_macroF1","p05","p95","pooled_macroF1","accuracy"
"mincri.significant",0.284815125521259,0.0427678989727444,NA,NA,0.288630872246528,0.386638830897704
