"predictor","median_drop","mean_drop","p05","p95","pos_frac","top3_freq"
"target_variable_group",0.075861345216725,0.0737161454762272,0.0174520798937977,0.127624426920672,0.98,0.88
"approach",0.0551512534745148,0.05417209125859,0.0124567679031506,0.0960350047046435,1,0.813333333333333
"disturbance_pattern",0.0434759440023865,0.0443924831349768,0.00703505254168984,0.0916397765010524,0.973333333333333,0.586666666666667
"level",0.0299806554351132,0.0295055899194855,-0.0127264988038767,0.0677990812460544,0.893333333333333,0.26
"disturbance_type",0.0236902903903588,0.0255161934858905,-0.0165570691000746,0.0716454913241244,0.786666666666667,0.213333333333333
"observation_duration",0.0166343267748475,0.0194516131063965,-0.0147374297193685,0.0617582550456796,0.733333333333333,0.153333333333333
"habitat_type",0.0114705743567124,0.010363424328916,-0.0314254856812914,0.0500698848277395,0.673333333333333,0.0533333333333333
"taxon",0.00684758831392967,0.00811961445967574,-0.0206140420026798,0.0360702514520219,0.673333333333333,0.04
