"run","mean_macroF1","sd_macroF1","p05","p95","pooled_macroF1","accuracy"
"remove.multi",0.370975045103399,0.0493056656898311,NA,NA,0.375551790667675,0.431111111111111
