"run","mean_macroF1","sd_macroF1","p05","p95","pooled_macroF1","accuracy"
"rev.variable",0.289014404869353,0.044737648557184,NA,NA,0.292901658446047,0.384064022268615
