"run","mean_macroF1","sd_macroF1","p05","p95","pooled_macroF1","accuracy"
"rev.level",0.295197809635515,0.0428057455309153,NA,NA,0.298933895915765,0.386012526096033
