"predictor","median_drop","mean_drop","p05","p95","pos_frac","top3_freq"
"approach",0.0479457740891612,0.0466404802433466,0.00301413764562932,0.0940661971288074,0.96,0.866666666666667
"target_variable_group",0.0471069144987385,0.0470467095539114,0.00961304102828824,0.0836986473395109,0.98,0.866666666666667
"disturbance_pattern",0.0252425582912216,0.025110198521587,-0.00717934941502879,0.0642151699154203,0.886666666666667,0.466666666666667
"level",0.0189499028982319,0.0220951179986531,-0.00817464200047004,0.0644296409514218,0.84,0.28
"observation_duration",0.0137455181416062,0.014767785759216,-0.0165235746230231,0.0476782929550265,0.786666666666667,0.193333333333333
"disturbance_type",0.00753826355517385,0.00953573772683655,-0.02615804651263,0.0517928848674946,0.66,0.14
"taxon",0.00727396808313665,0.0051541671964748,-0.0250747774430008,0.0326294157361716,0.646666666666667,0.0866666666666667
"habitat_type",0.00504348016455766,0.00622635865175442,-0.0335167755963799,0.0416385233759736,0.62,0.1
