"predictor","median_drop","mean_drop","p05","p95","pos_frac","top3_freq"
"target_variable_group",0.054127593636203,0.0506529868773261,0.00538942948983272,0.0886882047277872,0.96,0.826666666666667
"approach",0.0468650479114451,0.0478342980531362,0.00908760017513698,0.0916218314021029,0.973333333333333,0.846666666666667
"disturbance_pattern",0.0353029204703886,0.0330773939571122,-0.00359633456726248,0.0664796786055376,0.926666666666667,0.48
"level",0.0271273792228632,0.024429801104361,-0.0138756954471304,0.0631206190443352,0.866666666666667,0.32
"observation_duration",0.0182460131171878,0.0174654487521754,-0.0180102369915232,0.0516171140056422,0.72,0.14
"disturbance_type",0.0180717819467658,0.0213135785178038,-0.0175422563738965,0.0709673813356609,0.78,0.273333333333333
"habitat_type",0.0100714112770416,0.0100574409775935,-0.0289447712901365,0.0490326571578281,0.64,0.0666666666666667
"taxon",0.0082022097538118,0.00711639487647011,-0.0294538140989259,0.0422488278358584,0.673333333333333,0.0466666666666667
