"run","mean_macroF1","sd_macroF1","p05","p95","pooled_macroF1","accuracy"
"rev.pulse",0.292207428526211,0.0431934222144338,NA,NA,0.295741276391211,0.380375782881002
