"run","mean_macroF1","sd_macroF1","p05","p95","pooled_macroF1","accuracy"
"rev.press",0.289348275713784,0.040610946950399,NA,NA,0.29296114208713,0.382463465553236
