"run","mean_macroF1","sd_macroF1","p05","p95","pooled_macroF1","accuracy"
"rev.pattern",0.294046576503435,0.0422704481048908,NA,NA,0.298448593932942,0.387404314544189
