"predictor","median_drop","mean_drop","p05","p95","pos_frac","top3_freq"
"target_variable_group",0.0534362266524591,0.0525313099612659,0.00138933310829256,0.0998464449831715,0.96,0.873333333333333
"approach",0.0407003436419704,0.041063498399745,0.00172677224501324,0.080765117949706,0.953333333333333,0.846666666666667
"disturbance_pattern",0.0352559943285878,0.0344176026484906,-0.00412511850484896,0.0730854272260815,0.92,0.673333333333333
"observation_duration",0.0189088387993897,0.0173808361243207,-0.0221625309313494,0.0542906854233773,0.78,0.26
"level",0.0138287729028806,0.0135715559555169,-0.0239310249430929,0.0502545747590916,0.753333333333333,0.14
"habitat_type",0.00823036093388507,0.00923968536303834,-0.0332339294155955,0.0463080605053852,0.68,0.0933333333333333
"taxon",0.00746456126469959,0.00591161090798181,-0.0326114876748,0.0376565296816797,0.626666666666667,0.06
"disturbance_type",0.00194409167160392,0.00255896514365397,-0.0314581554659528,0.0391740050155764,0.56,0.0533333333333333
