"predictor","median_drop","mean_drop","p05","p95","pos_frac","top3_freq"
"target_variable_group",0.0574805789358566,0.0554586904300548,0.00470361046733111,0.095045926249495,0.966666666666667,0.86
"approach",0.0415616847551628,0.0432568700235071,0.00785084397684358,0.0797471283645695,0.966666666666667,0.82
"disturbance_pattern",0.0345459198886047,0.0349051418181848,0.00240368406169292,0.0718466883370509,0.96,0.593333333333333
"level",0.0203986486782682,0.0207168883992555,-0.0229405973791762,0.061910126110335,0.826666666666667,0.22
"disturbance_type",0.0184208243807692,0.0191116822601745,-0.0212804983070377,0.0651377166373692,0.733333333333333,0.253333333333333
"observation_duration",0.0140383012449425,0.0151103402264449,-0.0118353146292141,0.047156655831257,0.773333333333333,0.153333333333333
"habitat_type",0.00794614568232157,0.00887664933962667,-0.0307789949696276,0.0477039274920889,0.62,0.0733333333333333
"taxon",0.00237578934382512,0.00115362743589907,-0.0341368307478665,0.0285257890771352,0.546666666666667,0.0266666666666667
