"predictor","median_drop","mean_drop","p05","p95","pos_frac","top3_freq"
"target_variable_group",0.0577996140663907,0.0544128646505279,0.00598978751385377,0.099968569684189,0.986666666666667,0.866666666666667
"approach",0.0410510081665579,0.0434330601670073,0.0052931371027737,0.0859613805866773,0.986666666666667,0.793333333333333
"disturbance_pattern",0.0374817978487917,0.0357097164291639,0.00474355963586972,0.0692501185412114,0.953333333333333,0.64
"level",0.0201390336991207,0.0209127878447735,-0.0140371187142602,0.0575598101992981,0.846666666666667,0.28
"observation_duration",0.0159409272414749,0.0167597695519802,-0.0147896077108733,0.0480920669212725,0.82,0.173333333333333
"disturbance_type",0.0147161865610245,0.0131994247872963,-0.0339654714827541,0.0568568422110994,0.673333333333333,0.173333333333333
"habitat_type",0.00607962515240549,0.00835494568580817,-0.0265045453218358,0.0459686258173946,0.626666666666667,0.04
"taxon",0.00365140948542968,0.0039928492037235,-0.0290524861754468,0.0407778164403894,0.573333333333333,0.0333333333333333
