"predictor","median_drop","mean_drop","p05","p95","pos_frac","top3_freq"
"target_variable_group",0.0575774486545858,0.0568366150285884,0.0132989357546667,0.100305203217463,0.973333333333333,0.866666666666667
"approach",0.0450834925160316,0.0459600739904928,0.0113253860867023,0.0830778611056646,0.973333333333333,0.826666666666667
"disturbance_pattern",0.0331721178760287,0.0334353967452324,-0.00099544364538279,0.0663082943038041,0.933333333333333,0.6
"level",0.0228067257838367,0.0217426695292546,-0.0204274410125748,0.0556509187508669,0.846666666666667,0.253333333333333
"disturbance_type",0.0179037207423841,0.0185870965145439,-0.023415131988905,0.0693245320109209,0.74,0.226666666666667
"observation_duration",0.0151869371409799,0.0160450360536933,-0.0147660808212482,0.0512004699426974,0.76,0.133333333333333
"habitat_type",0.00914465450167821,0.00730914118426901,-0.0360228670645568,0.0433301432604712,0.666666666666667,0.06
"taxon",0.00446043962441019,0.00430428702408194,-0.0260552961097142,0.0315018392398942,0.586666666666667,0.0333333333333333
