"predictor","median_drop","mean_drop","p05","p95","pos_frac","top3_freq"
"target_variable_group",0.05988347922851,0.0565226351159558,0.00951820318430383,0.0967385774901684,0.973333333333333,0.893333333333333
"approach",0.0408426157280905,0.0424286823502792,0.00791682476523973,0.0827991760501308,0.973333333333333,0.853333333333333
"disturbance_pattern",0.0343570918103403,0.0332530019630147,-0.00835956737741214,0.0676104508911929,0.913333333333333,0.573333333333333
"observation_duration",0.0155889027954372,0.0168282327910558,-0.0125436229500774,0.0523243220299796,0.8,0.22
"level",0.014789357893521,0.0150648040425976,-0.0230963455589849,0.0507631673604371,0.746666666666667,0.14
"disturbance_type",0.0103171997164017,0.0091832094571633,-0.0282939276150848,0.0446628481654523,0.653333333333333,0.0933333333333333
"habitat_type",0.00999796968168964,0.0112446580726079,-0.0300949246073206,0.054686652800007,0.7,0.16
"taxon",0.00667549229461166,0.00712762351828217,-0.0284951750276526,0.0415355624386678,0.693333333333333,0.0666666666666667
