"run","mean_macroF1","sd_macroF1","p05","p95","pooled_macroF1","accuracy"
"rev.all.disturbance",0.286054381398712,0.0408652845735202,NA,NA,0.289473538124724,0.377453027139875
