"run","mean_macroF1","sd_macroF1","p05","p95","pooled_macroF1","accuracy"
"rev.approach",0.29208744769485,0.0437895718907522,NA,NA,0.295236629261075,0.385038274182324
