"mincriterion","mean_f1","sd_f1"
0,0.278066687889436,0.0448039722865397
0.9,0.263381389152748,0.0404193812707778
0.95,0.249482564705134,0.0433885854804153
