"predictor","median_drop","mean_drop","p05","p95","pos_frac","top3_freq"
"target_variable_group",0.0570016944300797,0.0550146540390418,0.00646895326833143,0.09493132874137,0.986666666666667,0.833333333333333
"approach",0.0421215155412939,0.0447765141931837,0.00638128738895771,0.0851686136120588,0.96,0.846666666666667
"disturbance_pattern",0.0332450525701469,0.0320381764721032,0.00222216151957763,0.0649646008332945,0.96,0.553333333333333
"level",0.0208728160416592,0.0212827144053421,-0.0155037762709323,0.0583747115319595,0.88,0.306666666666667
"disturbance_type",0.0165939968722913,0.0171137407281928,-0.0224788076488283,0.0655195792199146,0.726666666666667,0.24
"observation_duration",0.0138931610719677,0.014294100457409,-0.0157460708575556,0.0465271425035008,0.72,0.12
"habitat_type",0.00754090742393417,0.00706729908645978,-0.0356979442579551,0.046360757937055,0.606666666666667,0.0733333333333333
"taxon",0.00386637903739311,0.00325074819295665,-0.0312200161270538,0.0322332515477183,0.586666666666667,0.0266666666666667
