"mtry","f1_mean","f1_sd","se"
1,0.228359424208061,0.0358174393126401,0.00506535084454109
2,0.289929048684524,0.0443819420796605,0.00627655444135131
3,0.296050649483696,0.0425462824605118,0.00601695296842123
4,0.300067600528745,0.0453252707177099,0.00640996125672174
5,0.297486559667678,0.0422473802676699,0.00597468181492723
6,0.302633360397494,0.0442904776835692,0.00626361942240865
