"mincriterion","mean_f1","sd_f1"
0,0.287390387813248,0.0365476916255052
0.9,0.261921028168441,0.042807491224985
0.95,0.247854774152194,0.0390655781106099
