"ntree","mean_f1","sd_f1"
250,0.290863062045309,0.0420740126339463
500,0.296050649483696,0.0425462824605118
1000,0.294768142039101,0.0441637241944783
1500,0.295634953305113,0.0425011506509631
2000,0.296635408338452,0.0434696725904719
2500,0.297863130313579,0.04279919689104
3000,0.296251085069016,0.0437109421374229
3500,0.296553384563907,0.0431727676417469
4000,0.295869671322111,0.0434545695171771
